pawInHand,폰케이스,[유기동물 후원] 소금툰 젤리케이스 - 출동! 소금흑당,"18,000",https://shop-phinf.pstatic.net/20200701_97/1593595622129nf1b9_JPEG/30957955625749886_1176181885.jpg?type=f295_381,https://smartstore.naver.com/pawinhand/products/4995405688
pawInHand,폰케이스,"[유기동물 후원] 바이바이 bye, buy 강아지 하드케이스 그립톡 세트","25,000",https://shop-phinf.pstatic.net/20200707_69/1594107152936KldRu_JPEG/31470541129781362_305696819.jpg?type=f295_381,https://smartstore.naver.com/pawinhand/products/5004729008
pawInHand,폰케이스,[유기동물 후원] 소금툰 하드케이스 - 소금이와 흑당이 티타임,"20,000",https://shop-phinf.pstatic.net/20200701_124/1593596486146RNmUY_JPEG/30959874564466680_1708801422.jpg?type=f295_381,https://smartstore.naver.com/pawinhand/products/4995430622
pawInHand,폰케이스,[유기동물 후원] 소금툰 젤리케이스 - 집사바라기,"18,000",https://shop-phinf.pstatic.net/20200701_44/1593595901609d6lJl_JPEG/30958235114316485_1939030122.jpg?type=f295_381,https://smartstore.naver.com/pawinhand/products/4995421411
pawInHand,폰케이스,[유기동물 후원] 데이지 젤리 케이스 - 강아지,"18,000",https://shop-phinf.pstatic.net/20200404_157/1586008628789ptUHz_JPEG/23370962331392493_2109505441.jpg?type=f295_381,https://smartstore.naver.com/pawinhand/products/4878216269
pawInHand,폰케이스,[유기동물 후원] A.A.A.F. 하드케이스,"20,000",https://shop-phinf.pstatic.net/20200309_123/1583736593150gSow6_JPEG/21096427647367875_1328402978.jpg?type=f295_381,https://smartstore.naver.com/pawinhand/products/4847842685
pawInHand,폰케이스,[유기동물 후원] 브라우니 강아지 젤리 케이스,"18,000",https://shop-phinf.pstatic.net/20200221_214/15822660073195uDo0_JPEG/19627549917318707_1881047550.jpg?type=f295_381,https://smartstore.naver.com/pawinhand/products/4811002390
pawInHand,폰케이스,"[유기동물 후원] 바이바이 bye, buy 고양이 하드케이스 그립톡 세트","25,000",https://shop-phinf.pstatic.net/20200707_249/15941077750062GGnE_JPEG/31471163470224450_111647342.jpg?type=f295_381,https://smartstore.naver.com/pawinhand/products/5004748816
pawInHand,폰케이스,"[유기동물 후원] 바이바이 bye, buy 고양이 하드케이스","20,000",https://shop-phinf.pstatic.net/20200707_189/1594106829222fN2fu_JPEG/31470217517481367_582947590.jpg?type=f295_381,https://smartstore.naver.com/pawinhand/products/5004708843
pawInHand,폰케이스,"[유기동물 후원] 바이바이 bye, buy 강아지 하드케이스","20,000",https://shop-phinf.pstatic.net/20200707_294/1594105852702tuWdm_JPEG/31467395292364422_671691621.jpg?type=f295_381,https://smartstore.naver.com/pawinhand/products/5004704653
pawInHand,폰케이스,[유기동물 후원] 키니일기 젤리케이스 - 쿨쿨키니,"18,000",https://shop-phinf.pstatic.net/20200505_136/15886805540322XKiC_JPEG/26042887574326206_1295799028.jpg?type=f295_381,https://smartstore.naver.com/pawinhand/products/4918149564
pawInHand,폰케이스,[유기동물 후원] 키니일기 젤리케이스 - 꽃키니,"18,000",https://shop-phinf.pstatic.net/20200505_99/1588680430520NEmfE_JPEG/26042764045127995_119842898.jpg?type=f295_381,https://smartstore.naver.com/pawinhand/products/4918147867
pawInHand,패션,[유기동물 후원] 포인핸드 베이직 반팔 티셔츠 - BLACK,"22,000",https://shop-phinf.pstatic.net/20200428_156/1588045020265lWpff_JPEG/25406562872750910_427477886.jpg?type=f295_381,https://smartstore.naver.com/pawinhand/products/4910947652
pawInHand,패션,[유기동물 후원] 포인핸드 베이직 반팔 티셔츠 - WHITE,"22,000",https://shop-phinf.pstatic.net/20200427_71/1587970911518opsdM_JPEG/25333245069969501_408143300.jpg?type=f295_381,https://smartstore.naver.com/pawinhand/products/4909720316
pawInHand,패션,[유기동물 후원] 포인핸드 A.A.A.F. 에코백,"15,000",https://shop-phinf.pstatic.net/20200327_276/1585275513808oOoVo_JPEG/22636252370921791_754788767.jpg?type=f295_381,https://smartstore.naver.com/pawinhand/products/4866434469
pawInHand,패션,포인핸드 후드티 오렌지,"38,000",https://shop-phinf.pstatic.net/20190927_152/1569593167345591j5_JPEG/6954709939747826_1519877278.jpg?type=f295_381,https://smartstore.naver.com/pawinhand/products/4432792271
pawInHand,패션,[유기동물 후원] 포인핸드 에코백,"20,000",https://shop-phinf.pstatic.net/20190903_208/156749650132706yCe_JPEG/4856335732324199_177827672.jpg?type=f295_381,https://smartstore.naver.com/pawinhand/products/2793507737
pawInHand,패션,[유기동물 후원] 포인핸드 탈옥 맨투맨 남녀공용 오렌지,"35,000",https://shop-phinf.pstatic.net/20180225_221/pawinhand_1519541431610FUzC1_JPEG/42848591230615859_-583373699.jpg?type=f295_381,https://smartstore.naver.com/pawinhand/products/2429903664
pawInHand,악세서리,"[유기동물 후원] 바이바이 bye, buy 강아지 고양이 그립톡 스마트톡","10,000",https://shop-phinf.pstatic.net/20200707_201/15941082801445aG6A_JPEG/31471668620932466_703912720.jpg?type=f295_381,https://smartstore.naver.com/pawinhand/products/5004772715
pawInHand,악세서리,[유기동물 후원] 포인핸드 아크릴 키링,"8,000",https://shop-phinf.pstatic.net/20200309_196/15837540248400OPQu_JPEG/21113859359976196_693303720.jpg?type=f295_381,https://smartstore.naver.com/pawinhand/products/4847973245
pawInHand,악세서리,[유기동물 후원] 무지개다리 턱시도냥 뱃지,"10,000",https://shop-phinf.pstatic.net/20200219_198/15820951653382pw68_JPEG/19454999859281778_45237504.jpg?type=f295_381,https://smartstore.naver.com/pawinhand/products/4826920538
pawInHand,악세서리,[유기동물 후원] 튜브 탄 고양이 두디 뱃지,"10,000",https://shop-phinf.pstatic.net/20190903_289/1567490386483yGtjc_JPEG/4851929082627052_1349740103.jpg?type=f295_381,https://smartstore.naver.com/pawinhand/products/4598192923
pawInHand,악세서리,[유기동물 후원] 서핑보드 탄 강아지 포리 뱃지,"10,000",https://shop-phinf.pstatic.net/20190903_40/1567495198454XL5Rx_JPEG/4857532014564094_69570789.jpg?type=f295_381,https://smartstore.naver.com/pawinhand/products/4598177328
pawInHand,악세서리,"[유기동물 후원] Adopt Animals, Adopt Family 슬로건 그립톡","10,000",https://shop-phinf.pstatic.net/20190903_71/1567495607791RwFEU_JPEG/4857150388713025_596444414.jpg?type=f295_381,https://smartstore.naver.com/pawinhand/products/4597084009
pawInHand,악세서리,"[유기동물 후원] Adopt Animals, Adopt Family 슬로건 그립톡","10,000",https://shop-phinf.pstatic.net/20190903_12/1567495640996deF1k_JPEG/4857183593485566_334198546.jpg?type=f295_381,https://smartstore.naver.com/pawinhand/products/4580603224
pawInHand,악세서리,[유기동물 후원] 포인핸드 키링,"20,000",https://shop-phinf.pstatic.net/20200406_140/1586176898961vS91q_JPEG/23539232479889788_1408697800.jpg?type=f295_381,https://smartstore.naver.com/pawinhand/products/3917861732
pawInHand,악세서리,[유기동물 후원]  길위의고양이 뱃지,"7,000",https://shop-phinf.pstatic.net/20180112_269/pawinhand_1515762673629R5E85_JPEG/39068974148351165_822763922.jpg?type=f295_381,https://smartstore.naver.com/pawinhand/products/2426386763
pawInHand,악세서리,[유기동물 후원] 무지개다리 강아지 뱃지,"7,000",https://shop-phinf.pstatic.net/20180112_174/pawinhand_1515758945430AwpjE_JPEG/39066105050978558_-1615663619.jpg?type=f295_381,https://smartstore.naver.com/pawinhand/products/2426385647
pawInHand,악세서리,[유기동물 후원]  찔레꽃강아지 뱃지,"7,000",https://shop-phinf.pstatic.net/20180112_76/pawinhand_1515761544642dTLGp_JPEG/39068724283181336_1979367370.jpg?type=f295_381,https://smartstore.naver.com/pawinhand/products/2426384741
pawInHand,반려용품,[유기동물 후원] 포인핸드 강아지 리드줄 - 2m,"10,000",https://shop-phinf.pstatic.net/20191217_268/15765632676462YYoB_JPEG/13925601131338371_1932406003.jpg?type=f295_381,https://smartstore.naver.com/pawinhand/products/4762866125
pawInHand,반려용품,[유기동물 후원] 포인핸드 강아지 하네스 리드줄 세트,"28,000",https://shop-phinf.pstatic.net/20191217_169/15765645621722bRGx_JPEG/13926104716119921_1666005253.jpg?type=f295_381,https://smartstore.naver.com/pawinhand/products/4762900109
pawInHand,반려용품,[유기동물 후원] 페피테일 참유산균(고양이용) - 90개입,"80,000",https://shop-phinf.pstatic.net/20200511_250/1589185836609BpAw2_PNG/26545671152782156_918714232.png?type=f295_381,https://smartstore.naver.com/pawinhand/products/4925345753
pawInHand,반려용품,[유기동물 후원] 페피테일 참유산균(고양이용) - 30개입,"28,000",https://shop-phinf.pstatic.net/20200508_242/15889282763474oKKl_PNG/26289014977825261_1244570897.png?type=f295_381,https://smartstore.naver.com/pawinhand/products/4925340246
pawInHand,반려용품,[유기동물 후원] 페피테일 참유산균(고양이용) - 10개입,"9,900",https://shop-phinf.pstatic.net/20200508_145/158892826849648qxG_PNG/26289007127655397_1446275936.png?type=f295_381,https://smartstore.naver.com/pawinhand/products/4925336255
pawInHand,반려용품,[유기동물 후원] 페피테일 참유산균(강아지용) - 90개입,"80,000",https://shop-phinf.pstatic.net/20200511_64/1589184589410NKdYT_PNG/26547977925475032_1252397951.png?type=f295_381,https://smartstore.naver.com/pawinhand/products/4925310670
pawInHand,반려용품,[유기동물 후원] 페피테일 참유산균(강아지용) - 30개입,"28,000",https://shop-phinf.pstatic.net/20200508_235/1588927466443sfstM_PNG/26290854959357791_2026954237.png?type=f295_381,https://smartstore.naver.com/pawinhand/products/4925301246
pawInHand,반려용품,[유기동물 후원] 페피테일 참유산균(강아지용) - 10개입,"9,900",https://shop-phinf.pstatic.net/20200508_112/1588925930920YmiNc_PNG/26286669551537783_1034771330.png?type=f295_381,https://smartstore.naver.com/pawinhand/products/4922151967
pawInHand,반려용품,[유기동물 후원] 포인핸드 강아지 하네스 가슴줄 - Y형,"20,000",https://shop-phinf.pstatic.net/20200429_54/1588162242599tPCjy_JPEG/25523785063399656_181073973.jpg?type=f295_381,https://smartstore.naver.com/pawinhand/products/4762833668
pawInHand,반려용품,[유기동물 후원] 펫티저 디쉐딩,"27,000",https://shop-phinf.pstatic.net/20200512_78/1589248194062546Nc_JPEG/26611582523188033_1391127548.jpg?type=f295_381,https://smartstore.naver.com/pawinhand/products/4697228799
pawInHand,반려용품,[유기동물 후원] 펫티저 디탱글링,"27,000",https://shop-phinf.pstatic.net/20200512_181/1589248228801NhFOK_JPEG/26611617129555290_1469474921.jpg?type=f295_381,https://smartstore.naver.com/pawinhand/products/4697218261
pawInHand,반려용품,[유기동물 후원] 펫티저 스몰 디쉐딩_스카이블루,"22,000",https://shop-phinf.pstatic.net/20200512_6/1589248298725PRNNC_JPEG/26611687241608035_605146767.jpg?type=f295_381,https://smartstore.naver.com/pawinhand/products/4697209943
pawInHand,매거진,[유기동물 후원] 포인핸드 매거진 - 5호,"10,000",https://shop-phinf.pstatic.net/20200710_287/1594363305056UBtJG_PNG/31726693302696508_1860780869.png?type=f295_381,https://smartstore.naver.com/pawinhand/products/5009536059
pawInHand,매거진,[유기동물 후원] 포인핸드 매거진 - 4호,"10,000",https://shop-phinf.pstatic.net/20200406_272/1586138169867UmLly_PNG/23499712487154352_1793685527.png?type=f295_381,https://smartstore.naver.com/pawinhand/products/4879314567
pawInHand,매거진,[유기동물 후원] 포인핸드 매거진 - 3권 묶음 할인,"28,000",https://shop-phinf.pstatic.net/20200218_204/1582000516383wCer3_PNG/19361255001348255_68048690.png?type=f295_381,https://smartstore.naver.com/pawinhand/products/4825389069
pawInHand,매거진,[유기동물 후원] 포인핸드 매거진 - 2권 묶음 할인,"19,000",https://shop-phinf.pstatic.net/20200218_126/1582000602230Wmraw_PNG/19361340858302954_2145426920.png?type=f295_381,https://smartstore.naver.com/pawinhand/products/4825386322
pawInHand,매거진,[유기동물 후원] 포인핸드 매거진 - 3호,"10,000",https://shop-phinf.pstatic.net/20200102_121/1577945620650DSvOO_PNG/15305455188856139_235726575.png?type=f295_381,https://smartstore.naver.com/pawinhand/products/4777872031
pawInHand,매거진,[유기동물 후원] 포인핸드 매거진 - 정기구독,"36,000",https://shop-phinf.pstatic.net/20191209_210/1575864242943cGea9_JPEG/13224077468873187_450266185.jpg?type=f295_381,https://smartstore.naver.com/pawinhand/products/4754400118
pawInHand,매거진,[유기동물 후원] 포인핸드 매거진 - 2호,"10,000",https://shop-phinf.pstatic.net/20200218_182/1582000853082nKHTs_PNG/19364241599819667_1416131886.png?type=f295_381,https://smartstore.naver.com/pawinhand/products/4692837532
pawInHand,매거진,[유기동물 후원] 포인핸드 매거진 - 창간호,"10,000",https://shop-phinf.pstatic.net/20200218_220/1582000829232nqrhF_PNG/19364217750786750_1847945755.png?type=f295_381,https://smartstore.naver.com/pawinhand/products/4634614165
pawInHand,기타 잡화,[유기동물 후원] (1+1) 포인핸드 2020 희망 캘린더 + 동물스티커 세트,"12,000",https://shop-phinf.pstatic.net/20200214_69/1581665083273bHBHP_JPEG/19027416836142119_364472215.jpg?type=f295_381,https://smartstore.naver.com/pawinhand/products/4775555570
